4chan,t5_2qh4w
worldnews,t5_2qh13
politics,t5_2cneq
soccer,t5_2qi58
technology,t5_2qh16
science,t5_mouw
Android,t5_2qlqh
askscience,t5_2qm4e
europe,t5_2qh4j
sweden,t5_2qofe
gaming,t5_2qh03
movies,t5_2qh3s
Music,t5_2qh1u
news,t5_2qh3l
books,t5_2qh4i
television,t5_2qh6e
technology,t5_2qh16
sports,t5_2qgzy
space,t5_2qh87
history,t5_2qh53
philosophy,t5_2qh5b
Art,t5_2qh7a
programming,t5_2fwo
LabourUK,t5_30c1v
harrypotter,t5_2qiqi
Conservative,t5_2qh6p
unitedkingdom,t5_2qhqb
formula1,t5_2qimj
lego,t5_2qhm7
apple,t5_2qh1f
Seattle,t5_2qhad
Libertarian,t5_2qh63
doctorwho,t5_2qhek
scifi,t5_2qh2z
Economics,t5_2qh1s
travel,t5_2qh41
Drugs,t5_2qh7l
business,t5_2qgzg
canada,t5_2qh68
environment,t5_2qh1n
Astronomy,t5_2qhor
batman,t5_2qqt8
gardening,t5_2qhkh
Health,t5_2qh9z
unitedkingdom,t5_2qhqb
StarWars,t5_2qi4s
britishproblems,t5_2sumw
australia,t5_2qh8e
engineering,t5_2qhpi
CasualConversation,t5_323oy
startrek,t5_2qixm
literature,t5_2qhps
horror,t5_2qh9x
google,t5_2qh45
chicago,t5_2qh2t
linguistics,t5_2qhos
finance,t5_2qhfj
coding,t5_2rb2y
toronto,t5_2qi63
ireland,t5_2qhb9
tea,t5_2qq5e
thenetherlands,t5_30hrx
windows,t5_2qh3k
energy,t5_2qhkd
introvert,t5_2qlr2
privacy,t5_2qhlc
Feminism,t5_2qr7i
socialism,t5_2qjii
newzealand,t5_2qhma
france,t5_2qhjz
PoliticalHumor,t5_2qm21
sanfrancisco,t5_2qh3u
education,t5_2qhlm
nhl,t5_2qrrq
london,t5_2qkog
india,t5_2qh1q
law,t5_2qh9k
vegetarian,t5_2qm7x
mexico,t5_2qhv7
ukpolitics,t5_2qhcv
worldevents,t5_2riv9
vancouver,t5_2qhov
bayarea,t5_2qjyy
brasil,t5_2qh9i
WikiLeaks,t5_2qy11
houston,t5_2qj1l
Boxing,t5_2qj0l
Atlanta,t5_2qiq9
texas,t5_2qho4
LiverpoolFC,t5_2qn0o
anonymous,t5_2qhw1
Denver,t5_2qn3i
rugbyunion,t5_2qkbe
inthenews,t5_2rgzp
germany,t5_2qi4z
women,t5_2qh8d
football,t5_2qkr5
Cricket,t5_2qhe0
China,t5_2qh2v
cycling,t5_2qhyi
AskAcademia,t5_2sakj
chelseafc,t5_2rsl6
Israel,t5_2qhvo
